mer,protein_id,position
XIYNQGGKL,A0A075B6U7,1
IYNQGGKLI,A0A075B6U7,2
YNQGGKLIF,A0A075B6U7,3
NQGGKLIFG,A0A075B6U7,4
QGGKLIFGQ,A0A075B6U7,5
GGKLIFGQG,A0A075B6U7,6
GKLIFGQGT,A0A075B6U7,7
KLIFGQGTE,A0A075B6U7,8
LIFGQGTEL,A0A075B6U7,9
IFGQGTELS,A0A075B6U7,10
FGQGTELSV,A0A075B6U7,11
GQGTELSVK,A0A075B6U7,12
QGTELSVKP,A0A075B6U7,13
MEVSNMTTV,A0A2R8YED5,1
EVSNMTTVT,A0A2R8YED5,2
VSNMTTVTV,A0A2R8YED5,3
SNMTTVTVF,A0A2R8YED5,4
NMTTVTVFI,A0A2R8YED5,5
MTTVTVFIL,A0A2R8YED5,6
TTVTVFILL,A0A2R8YED5,7
TVTVFILLG,A0A2R8YED5,8
VTVFILLGL,A0A2R8YED5,9
TVFILLGLS,A0A2R8YED5,10
VFILLGLSN,A0A2R8YED5,11
FILLGLSNN,A0A2R8YED5,12
ILLGLSNNP,A0A2R8YED5,13
LLGLSNNPQ,A0A2R8YED5,14
LGLSNNPQV,A0A2R8YED5,15
GLSNNPQVQ,A0A2R8YED5,16
LSNNPQVQA,A0A2R8YED5,17
SNNPQVQAL,A0A2R8YED5,18
NNPQVQALL,A0A2R8YED5,19
NPQVQALLF,A0A2R8YED5,20
PQVQALLFV,A0A2R8YED5,21
QVQALLFVL,A0A2R8YED5,22
VQALLFVLF,A0A2R8YED5,23
QALLFVLFL,A0A2R8YED5,24
ALLFVLFLV,A0A2R8YED5,25
LLFVLFLVI,A0A2R8YED5,26
LFVLFLVIY,A0A2R8YED5,27
FVLFLVIYL,A0A2R8YED5,28
VLFLVIYLL,A0A2R8YED5,29
LFLVIYLLT,A0A2R8YED5,30
FLVIYLLTL,A0A2R8YED5,31
LVIYLLTLL,A0A2R8YED5,32
VIYLLTLLG,A0A2R8YED5,33
IYLLTLLGN,A0A2R8YED5,34
YLLTLLGNL,A0A2R8YED5,35
LLTLLGNLL,A0A2R8YED5,36
LTLLGNLLM,A0A2R8YED5,37
TLLGNLLMV,A0A2R8YED5,38
LLGNLLMVL,A0A2R8YED5,39
LGNLLMVLV,A0A2R8YED5,40
GNLLMVLVI,A0A2R8YED5,41
NLLMVLVIS,A0A2R8YED5,42
LLMVLVIST,A0A2R8YED5,43
LMVLVISTD,A0A2R8YED5,44
MVLVISTDS,A0A2R8YED5,45
VLVISTDSH,A0A2R8YED5,46
LVISTDSHL,A0A2R8YED5,47
VISTDSHLC,A0A2R8YED5,48
ISTDSHLCT,A0A2R8YED5,49
STDSHLCTP,A0A2R8YED5,50
TDSHLCTPM,A0A2R8YED5,51
DSHLCTPMY,A0A2R8YED5,52
SHLCTPMYF,A0A2R8YED5,53
HLCTPMYFF,A0A2R8YED5,54
LCTPMYFFL,A0A2R8YED5,55
CTPMYFFLR,A0A2R8YED5,56
TPMYFFLRQ,A0A2R8YED5,57
PMYFFLRQL,A0A2R8YED5,58
MYFFLRQLS,A0A2R8YED5,59
YFFLRQLSF,A0A2R8YED5,60
FFLRQLSFL,A0A2R8YED5,61
FLRQLSFLD,A0A2R8YED5,62
LRQLSFLDA,A0A2R8YED5,63
RQLSFLDAF,A0A2R8YED5,64
QLSFLDAFY,A0A2R8YED5,65
LSFLDAFYS,A0A2R8YED5,66
SFLDAFYSS,A0A2R8YED5,67
FLDAFYSSI,A0A2R8YED5,68
LDAFYSSII,A0A2R8YED5,69
DAFYSSIIV,A0A2R8YED5,70
AFYSSIIVP,A0A2R8YED5,71
FYSSIIVPK,A0A2R8YED5,72
YSSIIVPKL,A0A2R8YED5,73
SSIIVPKLL,A0A2R8YED5,74
SIIVPKLLE,A0A2R8YED5,75
IIVPKLLEN,A0A2R8YED5,76
IVPKLLENL,A0A2R8YED5,77
VPKLLENLL,A0A2R8YED5,78
PKLLENLLS,A0A2R8YED5,79
KLLENLLSK,A0A2R8YED5,80
LLENLLSKG,A0A2R8YED5,81
LENLLSKGE,A0A2R8YED5,82
ENLLSKGET,A0A2R8YED5,83
NLLSKGETI,A0A2R8YED5,84
LLSKGETIS,A0A2R8YED5,85
LSKGETISF,A0A2R8YED5,86
SKGETISFL,A0A2R8YED5,87
KGETISFLE,A0A2R8YED5,88
GETISFLEC,A0A2R8YED5,89
ETISFLECF,A0A2R8YED5,90
TISFLECFT,A0A2R8YED5,91
ISFLECFTQ,A0A2R8YED5,92
SFLECFTQI,A0A2R8YED5,93
FLECFTQIS,A0A2R8YED5,94
LECFTQISL,A0A2R8YED5,95
ECFTQISLV,A0A2R8YED5,96
CFTQISLVI,A0A2R8YED5,97
FTQISLVIF,A0A2R8YED5,98
TQISLVIFS,A0A2R8YED5,99
QISLVIFSG,A0A2R8YED5,100
ISLVIFSGA,A0A2R8YED5,101
SLVIFSGAT,A0A2R8YED5,102
LVIFSGATE,A0A2R8YED5,103
VIFSGATEA,A0A2R8YED5,104
IFSGATEAC,A0A2R8YED5,105
FSGATEACL,A0A2R8YED5,106
SGATEACLL,A0A2R8YED5,107
GATEACLLS,A0A2R8YED5,108
ATEACLLSV,A0A2R8YED5,109
TEACLLSVM,A0A2R8YED5,110
EACLLSVMA,A0A2R8YED5,111
ACLLSVMAY,A0A2R8YED5,112
CLLSVMAYD,A0A2R8YED5,113
LLSVMAYDR,A0A2R8YED5,114
LSVMAYDRF,A0A2R8YED5,115
SVMAYDRFQ,A0A2R8YED5,116
VMAYDRFQA,A0A2R8YED5,117
MAYDRFQAM,A0A2R8YED5,118
AYDRFQAMC,A0A2R8YED5,119
YDRFQAMCH,A0A2R8YED5,120
DRFQAMCHP,A0A2R8YED5,121
RFQAMCHPL,A0A2R8YED5,122
FQAMCHPLL,A0A2R8YED5,123
QAMCHPLLY,A0A2R8YED5,124
AMCHPLLYV,A0A2R8YED5,125
MCHPLLYVV,A0A2R8YED5,126
CHPLLYVVI,A0A2R8YED5,127
HPLLYVVII,A0A2R8YED5,128
PLLYVVIIN,A0A2R8YED5,129
LLYVVIINR,A0A2R8YED5,130
LYVVIINRR,A0A2R8YED5,131
YVVIINRRV,A0A2R8YED5,132
VVIINRRVC,A0A2R8YED5,133
VIINRRVCA,A0A2R8YED5,134
IINRRVCAG,A0A2R8YED5,135
INRRVCAGL,A0A2R8YED5,136
NRRVCAGLV,A0A2R8YED5,137
RRVCAGLVG,A0A2R8YED5,138
RVCAGLVGA,A0A2R8YED5,139
VCAGLVGAS,A0A2R8YED5,140
CAGLVGASW,A0A2R8YED5,141
AGLVGASWA,A0A2R8YED5,142
GLVGASWAI,A0A2R8YED5,143
LVGASWAIG,A0A2R8YED5,144
VGASWAIGM,A0A2R8YED5,145
GASWAIGMG,A0A2R8YED5,146
ASWAIGMGT,A0A2R8YED5,147
SWAIGMGTG,A0A2R8YED5,148
WAIGMGTGL,A0A2R8YED5,149
AIGMGTGLI,A0A2R8YED5,150
IGMGTGLIN,A0A2R8YED5,151
GMGTGLINT,A0A2R8YED5,152
MGTGLINTL,A0A2R8YED5,153
GTGLINTLL,A0A2R8YED5,154
TGLINTLLL,A0A2R8YED5,155
GLINTLLLA,A0A2R8YED5,156
LINTLLLAQ,A0A2R8YED5,157
INTLLLAQQ,A0A2R8YED5,158
NTLLLAQQH,A0A2R8YED5,159
TLLLAQQHF,A0A2R8YED5,160
LLLAQQHFC,A0A2R8YED5,161
LLAQQHFCG,A0A2R8YED5,162
LAQQHFCGP,A0A2R8YED5,163
AQQHFCGPN,A0A2R8YED5,164
QQHFCGPNV,A0A2R8YED5,165
QHFCGPNVI,A0A2R8YED5,166
HFCGPNVIH,A0A2R8YED5,167
FCGPNVIHS,A0A2R8YED5,168
CGPNVIHSF,A0A2R8YED5,169
GPNVIHSFA,A0A2R8YED5,170
PNVIHSFAC,A0A2R8YED5,171
NVIHSFACE,A0A2R8YED5,172
VIHSFACEL,A0A2R8YED5,173
IHSFACELP,A0A2R8YED5,174
HSFACELPP,A0A2R8YED5,175
SFACELPPV,A0A2R8YED5,176
FACELPPVL,A0A2R8YED5,177
ACELPPVLL,A0A2R8YED5,178
CELPPVLLL,A0A2R8YED5,179
ELPPVLLLT,A0A2R8YED5,180
LPPVLLLTC,A0A2R8YED5,181
PPVLLLTCS,A0A2R8YED5,182
PVLLLTCSD,A0A2R8YED5,183
VLLLTCSDP,A0A2R8YED5,184
LLLTCSDPC,A0A2R8YED5,185
LLTCSDPCA,A0A2R8YED5,186
LTCSDPCAS,A0A2R8YED5,187
TCSDPCASI,A0A2R8YED5,188
CSDPCASIV,A0A2R8YED5,189
SDPCASIVS,A0A2R8YED5,190
DPCASIVSI,A0A2R8YED5,191
PCASIVSIL,A0A2R8YED5,192
CASIVSILT,A0A2R8YED5,193
ASIVSILTT,A0A2R8YED5,194
SIVSILTTM,A0A2R8YED5,195
IVSILTTMS,A0A2R8YED5,196
VSILTTMSV,A0A2R8YED5,197
SILTTMSVL,A0A2R8YED5,198
ILTTMSVLG,A0A2R8YED5,199
LTTMSVLGL,A0A2R8YED5,200
TTMSVLGLG,A0A2R8YED5,201
TMSVLGLGT,A0A2R8YED5,202
MSVLGLGTL,A0A2R8YED5,203
SVLGLGTLV,A0A2R8YED5,204
VLGLGTLVL,A0A2R8YED5,205
LGLGTLVLL,A0A2R8YED5,206
GLGTLVLLL,A0A2R8YED5,207
LGTLVLLLG,A0A2R8YED5,208
GTLVLLLGS,A0A2R8YED5,209
TLVLLLGSY,A0A2R8YED5,210
LVLLLGSYS,A0A2R8YED5,211
VLLLGSYSC,A0A2R8YED5,212
LLLGSYSCI,A0A2R8YED5,213
LLGSYSCII,A0A2R8YED5,214
LGSYSCIIM,A0A2R8YED5,215
GSYSCIIMT,A0A2R8YED5,216
SYSCIIMTA,A0A2R8YED5,217
YSCIIMTAL,A0A2R8YED5,218
SCIIMTALR,A0A2R8YED5,219
CIIMTALRI,A0A2R8YED5,220
IIMTALRIN,A0A2R8YED5,221
IMTALRINS,A0A2R8YED5,222
MTALRINSA,A0A2R8YED5,223
TALRINSAT,A0A2R8YED5,224
ALRINSATG,A0A2R8YED5,225
LRINSATGR,A0A2R8YED5,226
RINSATGRS,A0A2R8YED5,227
INSATGRSK,A0A2R8YED5,228
NSATGRSKI,A0A2R8YED5,229
SATGRSKIF,A0A2R8YED5,230
ATGRSKIFS,A0A2R8YED5,231
TGRSKIFST,A0A2R8YED5,232
GRSKIFSTC,A0A2R8YED5,233
RSKIFSTCS,A0A2R8YED5,234
SKIFSTCSS,A0A2R8YED5,235
KIFSTCSSH,A0A2R8YED5,236
IFSTCSSHF,A0A2R8YED5,237
FSTCSSHFL,A0A2R8YED5,238
STCSSHFLV,A0A2R8YED5,239
TCSSHFLVV,A0A2R8YED5,240
CSSHFLVVT,A0A2R8YED5,241
SSHFLVVTI,A0A2R8YED5,242
SHFLVVTIF,A0A2R8YED5,243
HFLVVTIFY,A0A2R8YED5,244
FLVVTIFYT,A0A2R8YED5,245
LVVTIFYTS,A0A2R8YED5,246
VVTIFYTSG,A0A2R8YED5,247
VTIFYTSGV,A0A2R8YED5,248
TIFYTSGVL,A0A2R8YED5,249
IFYTSGVLR,A0A2R8YED5,250
FYTSGVLRY,A0A2R8YED5,251
YTSGVLRYM,A0A2R8YED5,252
TSGVLRYMI,A0A2R8YED5,253
SGVLRYMIP,A0A2R8YED5,254
GVLRYMIPA,A0A2R8YED5,255
VLRYMIPAS,A0A2R8YED5,256
LRYMIPASG,A0A2R8YED5,257
RYMIPASGS,A0A2R8YED5,258
YMIPASGSA,A0A2R8YED5,259
MIPASGSAL,A0A2R8YED5,260
IPASGSALE,A0A2R8YED5,261
PASGSALEQ,A0A2R8YED5,262
ASGSALEQV,A0A2R8YED5,263
SGSALEQVL,A0A2R8YED5,264
GSALEQVLS,A0A2R8YED5,265
SALEQVLSV,A0A2R8YED5,266
ALEQVLSVQ,A0A2R8YED5,267
LEQVLSVQY,A0A2R8YED5,268
EQVLSVQYS,A0A2R8YED5,269
QVLSVQYSV,A0A2R8YED5,270
VLSVQYSVI,A0A2R8YED5,271
LSVQYSVIT,A0A2R8YED5,272
SVQYSVITP,A0A2R8YED5,273
VQYSVITPL,A0A2R8YED5,274
QYSVITPLL,A0A2R8YED5,275
YSVITPLLN,A0A2R8YED5,276
SVITPLLNP,A0A2R8YED5,277
VITPLLNPL,A0A2R8YED5,278
ITPLLNPLI,A0A2R8YED5,279
TPLLNPLIY,A0A2R8YED5,280
PLLNPLIYS,A0A2R8YED5,281
LLNPLIYSL,A0A2R8YED5,282
LNPLIYSLK,A0A2R8YED5,283
NPLIYSLKS,A0A2R8YED5,284
PLIYSLKSQ,A0A2R8YED5,285
LIYSLKSQE,A0A2R8YED5,286
IYSLKSQEV,A0A2R8YED5,287
YSLKSQEVK,A0A2R8YED5,288
SLKSQEVKV,A0A2R8YED5,289
LKSQEVKVA,A0A2R8YED5,290
KSQEVKVAL,A0A2R8YED5,291
SQEVKVALR,A0A2R8YED5,292
QEVKVALRR,A0A2R8YED5,293
EVKVALRRM,A0A2R8YED5,294
VKVALRRML,A0A2R8YED5,295
KVALRRMLA,A0A2R8YED5,296
VALRRMLAR,A0A2R8YED5,297
ALRRMLARK,A0A2R8YED5,298
LRRMLARKS,A0A2R8YED5,299
RRMLARKSR,A0A2R8YED5,300
RMLARKSRL,A0A2R8YED5,301
MLARKSRLP,A0A2R8YED5,302
LARKSRLPL,A0A2R8YED5,303
MQRLPAATR,A2RRL7,1
QRLPAATRA,A2RRL7,2
RLPAATRAT,A2RRL7,3
LPAATRATL,A2RRL7,4
PAATRATLI,A2RRL7,5
AATRATLIL,A2RRL7,6
ATRATLILS,A2RRL7,7
TRATLILSL,A2RRL7,8
RATLILSLA,A2RRL7,9
ATLILSLAF,A2RRL7,10
TLILSLAFA,A2RRL7,11
LILSLAFAS,A2RRL7,12
ILSLAFASL,A2RRL7,13
LSLAFASLH,A2RRL7,14
SLAFASLHS,A2RRL7,15
LAFASLHSA,A2RRL7,16
AFASLHSAC,A2RRL7,17
FASLHSACS,A2RRL7,18
ASLHSACSA,A2RRL7,19
SLHSACSAE,A2RRL7,20
LHSACSAEA,A2RRL7,21
HSACSAEAS,A2RRL7,22
SACSAEASS,A2RRL7,23
ACSAEASSS,A2RRL7,24
CSAEASSSN,A2RRL7,25
SAEASSSNS,A2RRL7,26
AEASSSNSS,A2RRL7,27
EASSSNSSS,A2RRL7,28
ASSSNSSSL,A2RRL7,29
SSSNSSSLT,A2RRL7,30
SSNSSSLTA,A2RRL7,31
SNSSSLTAH,A2RRL7,32
NSSSLTAHH,A2RRL7,33
SSSLTAHHP,A2RRL7,34
SSLTAHHPD,A2RRL7,35
SLTAHHPDP,A2RRL7,36
LTAHHPDPG,A2RRL7,37
TAHHPDPGT,A2RRL7,38
AHHPDPGTL,A2RRL7,39
HHPDPGTLE,A2RRL7,40
HPDPGTLEQ,A2RRL7,41
PDPGTLEQC,A2RRL7,42
DPGTLEQCL,A2RRL7,43
PGTLEQCLN,A2RRL7,44
GTLEQCLNV,A2RRL7,45
TLEQCLNVD,A2RRL7,46
LEQCLNVDF,A2RRL7,47
EQCLNVDFC,A2RRL7,48
QCLNVDFCP,A2RRL7,49
CLNVDFCPQ,A2RRL7,50
LNVDFCPQA,A2RRL7,51
NVDFCPQAA,A2RRL7,52
VDFCPQAAR,A2RRL7,53
DFCPQAARC,A2RRL7,54
FCPQAARCC,A2RRL7,55
CPQAARCCR,A2RRL7,56
PQAARCCRT,A2RRL7,57
QAARCCRTG,A2RRL7,58
AARCCRTGV,A2RRL7,59
ARCCRTGVD,A2RRL7,60
RCCRTGVDE,A2RRL7,61
CCRTGVDEY,A2RRL7,62
CRTGVDEYG,A2RRL7,63
RTGVDEYGW,A2RRL7,64
TGVDEYGWI,A2RRL7,65
GVDEYGWIA,A2RRL7,66
VDEYGWIAA,A2RRL7,67
DEYGWIAAA,A2RRL7,68
EYGWIAAAV,A2RRL7,69
YGWIAAAVG,A2RRL7,70
GWIAAAVGW,A2RRL7,71
WIAAAVGWS,A2RRL7,72
IAAAVGWSL,A2RRL7,73
AAAVGWSLW,A2RRL7,74
AAVGWSLWF,A2RRL7,75
AVGWSLWFL,A2RRL7,76
VGWSLWFLT,A2RRL7,77
GWSLWFLTL,A2RRL7,78
WSLWFLTLI,A2RRL7,79
SLWFLTLIL,A2RRL7,80
LWFLTLILL,A2RRL7,81
WFLTLILLC,A2RRL7,82
FLTLILLCV,A2RRL7,83
LTLILLCVD,A2RRL7,84
TLILLCVDK,A2RRL7,85
LILLCVDKL,A2RRL7,86
ILLCVDKLM,A2RRL7,87
LLCVDKLMK,A2RRL7,88
LCVDKLMKL,A2RRL7,89
CVDKLMKLT,A2RRL7,90
VDKLMKLTP,A2RRL7,91
DKLMKLTPD,A2RRL7,92
KLMKLTPDE,A2RRL7,93
LMKLTPDEP,A2RRL7,94
MKLTPDEPK,A2RRL7,95
KLTPDEPKD,A2RRL7,96
LTPDEPKDL,A2RRL7,97
TPDEPKDLQ,A2RRL7,98
PDEPKDLQA,A2RRL7,99
MVLLAGTRP,A6NHS1,1
VLLAGTRPQ,A6NHS1,2
LLAGTRPQG,A6NHS1,3
LAGTRPQGG,A6NHS1,4
AGTRPQGGE,A6NHS1,5
GTRPQGGEA,A6NHS1,6
TRPQGGEAR,A6NHS1,7
RPQGGEARC,A6NHS1,8
PQGGEARCM,A6NHS1,9
QGGEARCMI,A6NHS1,10
GGEARCMIP,A6NHS1,11
GEARCMIPP,A6NHS1,12
EARCMIPPP,A6NHS1,13
ARCMIPPPP,A6NHS1,14
RCMIPPPPS,A6NHS1,15
CMIPPPPSP,A6NHS1,16
MIPPPPSPL,A6NHS1,17
IPPPPSPLL,A6NHS1,18
PPPPSPLLG,A6NHS1,19
PPPSPLLGA,A6NHS1,20
PPSPLLGAQ,A6NHS1,21
PSPLLGAQV,A6NHS1,22
SPLLGAQVE,A6NHS1,23
PLLGAQVEE,A6NHS1,24
LLGAQVEED,A6NHS1,25
LGAQVEEDR,A6NHS1,26
GAQVEEDRT,A6NHS1,27
AQVEEDRTE,A6NHS1,28
QVEEDRTEF,A6NHS1,29
VEEDRTEFK,A6NHS1,30
EEDRTEFKE,A6NHS1,31
EDRTEFKEF,A6NHS1,32
DRTEFKEFQ,A6NHS1,33
RTEFKEFQD,A6NHS1,34
TEFKEFQDF,A6NHS1,35
EFKEFQDFS,A6NHS1,36
FKEFQDFSS,A6NHS1,37
KEFQDFSSL,A6NHS1,38
EFQDFSSLP,A6NHS1,39
FQDFSSLPD,A6NHS1,40
QDFSSLPDT,A6NHS1,41
DFSSLPDTR,A6NHS1,42
FSSLPDTRS,A6NHS1,43
SSLPDTRSV,A6NHS1,44
SLPDTRSVA,A6NHS1,45
LPDTRSVAS,A6NHS1,46
PDTRSVASD,A6NHS1,47
DTRSVASDD,A6NHS1,48
TRSVASDDS,A6NHS1,49
RSVASDDSL,A6NHS1,50
SVASDDSLY,A6NHS1,51
VASDDSLYP,A6NHS1,52
ASDDSLYPF,A6NHS1,53
SDDSLYPFQ,A6NHS1,54
DDSLYPFQD,A6NHS1,55
DSLYPFQDE,A6NHS1,56
SLYPFQDEE,A6NHS1,57
LYPFQDEEE,A6NHS1,58
YPFQDEEEH,A6NHS1,59
PFQDEEEHG,A6NHS1,60
FQDEEEHGV,A6NHS1,61
QDEEEHGVE,A6NHS1,62
DEEEHGVEG,A6NHS1,63
EEEHGVEGV,A6NHS1,64
EEHGVEGVE,A6NHS1,65
EHGVEGVES,A6NHS1,66
HGVEGVESV,A6NHS1,67
GVEGVESVP,A6NHS1,68
VEGVESVPE,A6NHS1,69
EGVESVPEE,A6NHS1,70
GVESVPEEG,A6NHS1,71
VESVPEEGI,A6NHS1,72
ESVPEEGIL,A6NHS1,73
SVPEEGILE,A6NHS1,74
VPEEGILEA,A6NHS1,75
PEEGILEAW,A6NHS1,76
EEGILEAWG,A6NHS1,77
EGILEAWGS,A6NHS1,78
GILEAWGSC,A6NHS1,79
ILEAWGSCG,A6NHS1,80
LEAWGSCGR,A6NHS1,81
EAWGSCGRW,A6NHS1,82
AWGSCGRWC,A6NHS1,83
WGSCGRWCG,A6NHS1,84
GSCGRWCGV,A6NHS1,85
SCGRWCGVG,A6NHS1,86
MRLCLIPWN,A6NL46,1
RLCLIPWNT,A6NL46,2
LCLIPWNTT,A6NL46,3
CLIPWNTTP,A6NL46,4
LIPWNTTPH,A6NL46,5
IPWNTTPHR,A6NL46,6
PWNTTPHRV,A6NL46,7
WNTTPHRVL,A6NL46,8
NTTPHRVLP,A6NL46,9
TTPHRVLPP,A6NL46,10
TPHRVLPPV,A6NL46,11
PHRVLPPVV,A6NL46,12
HRVLPPVVW,A6NL46,13
RVLPPVVWS,A6NL46,14
VLPPVVWSA,A6NL46,15
LPPVVWSAP,A6NL46,16
PPVVWSAPS,A6NL46,17
PVVWSAPSR,A6NL46,18
VVWSAPSRK,A6NL46,19
VWSAPSRKK,A6NL46,20
WSAPSRKKP,A6NL46,21
SAPSRKKPV,A6NL46,22
APSRKKPVL,A6NL46,23
PSRKKPVLS,A6NL46,24
SRKKPVLSA,A6NL46,25
RKKPVLSAR,A6NL46,26
KKPVLSARN,A6NL46,27
KPVLSARNS,A6NL46,28
PVLSARNSM,A6NL46,29
VLSARNSMM,A6NL46,30
LSARNSMMF,A6NL46,31
SARNSMMFG,A6NL46,32
ARNSMMFGH,A6NL46,33
RNSMMFGHL,A6NL46,34
NSMMFGHLS,A6NL46,35
SMMFGHLSP,A6NL46,36
MMFGHLSPV,A6NL46,37
MFGHLSPVR,A6NL46,38
FGHLSPVRN,A6NL46,39
GHLSPVRNP,A6NL46,40
HLSPVRNPR,A6NL46,41
LSPVRNPRL,A6NL46,42
SPVRNPRLR,A6NL46,43
PVRNPRLRG,A6NL46,44
VRNPRLRGK,A6NL46,45
RNPRLRGKF,A6NL46,46
NPRLRGKFN,A6NL46,47
PRLRGKFNL,A6NL46,48
RLRGKFNLQ,A6NL46,49
LRGKFNLQL,A6NL46,50
RGKFNLQLP,A6NL46,51
GKFNLQLPS,A6NL46,52
KFNLQLPSL,A6NL46,53
FNLQLPSLD,A6NL46,54
NLQLPSLDE,A6NL46,55
LQLPSLDEQ,A6NL46,56
QLPSLDEQV,A6NL46,57
LPSLDEQVI,A6NL46,58
PSLDEQVIP,A6NL46,59
SLDEQVIPT,A6NL46,60
LDEQVIPTR,A6NL46,61
DEQVIPTRL,A6NL46,62
EQVIPTRLP,A6NL46,63
QVIPTRLPK,A6NL46,64
VIPTRLPKM,A6NL46,65
IPTRLPKME,A6NL46,66
PTRLPKMEV,A6NL46,67
TRLPKMEVR,A6NL46,68
RLPKMEVRA,A6NL46,69
LPKMEVRAE,A6NL46,70
PKMEVRAEE,A6NL46,71
KMEVRAEEP,A6NL46,72
MEVRAEEPK,A6NL46,73
EVRAEEPKE,A6NL46,74
VRAEEPKEA,A6NL46,75
RAEEPKEAT,A6NL46,76
AEEPKEATE,A6NL46,77
EEPKEATEV,A6NL46,78
EPKEATEVK,A6NL46,79
PKEATEVKD,A6NL46,80
KEATEVKDQ,A6NL46,81
EATEVKDQV,A6NL46,82
ATEVKDQVE,A6NL46,83
TEVKDQVET,A6NL46,84
EVKDQVETQ,A6NL46,85
VKDQVETQG,A6NL46,86
KDQVETQGQ,A6NL46,87
DQVETQGQE,A6NL46,88
QVETQGQED,A6NL46,89
VETQGQEDN,A6NL46,90
ETQGQEDNK,A6NL46,91
TQGQEDNKT,A6NL46,92
QGQEDNKTG,A6NL46,93
GQEDNKTGP,A6NL46,94
QEDNKTGPC,A6NL46,95
EDNKTGPCS,A6NL46,96
DNKTGPCSN,A6NL46,97
NKTGPCSNG,A6NL46,98
KTGPCSNGK,A6NL46,99
TGPCSNGKA,A6NL46,100
GPCSNGKAA,A6NL46,101
PCSNGKAAS,A6NL46,102
CSNGKAAST,A6NL46,103
SNGKAASTS,A6NL46,104
NGKAASTSR,A6NL46,105
GKAASTSRP,A6NL46,106
KAASTSRPL,A6NL46,107
AASTSRPLE,A6NL46,108
ASTSRPLET,A6NL46,109
STSRPLETQ,A6NL46,110
TSRPLETQG,A6NL46,111
SRPLETQGN,A6NL46,112
RPLETQGNL,A6NL46,113
PLETQGNLT,A6NL46,114
LETQGNLTS,A6NL46,115
ETQGNLTSS,A6NL46,116
TQGNLTSSW,A6NL46,117
QGNLTSSWY,A6NL46,118
GNLTSSWYN,A6NL46,119
NLTSSWYNP,A6NL46,120
LTSSWYNPR,A6NL46,121
TSSWYNPRP,A6NL46,122
SSWYNPRPL,A6NL46,123
SWYNPRPLE,A6NL46,124
WYNPRPLEG,A6NL46,125
YNPRPLEGN,A6NL46,126
NPRPLEGNV,A6NL46,127
PRPLEGNVH,A6NL46,128
RPLEGNVHL,A6NL46,129
PLEGNVHLK,A6NL46,130
LEGNVHLKS,A6NL46,131
EGNVHLKSL,A6NL46,132
GNVHLKSLT,A6NL46,133
NVHLKSLTE,A6NL46,134
VHLKSLTEK,A6NL46,135
HLKSLTEKN,A6NL46,136
LKSLTEKNQ,A6NL46,137
KSLTEKNQT,A6NL46,138
SLTEKNQTD,A6NL46,139
LTEKNQTDK,A6NL46,140
TEKNQTDKA,A6NL46,141
EKNQTDKAQ,A6NL46,142
KNQTDKAQV,A6NL46,143
NQTDKAQVH,A6NL46,144
QTDKAQVHA,A6NL46,145
TDKAQVHAV,A6NL46,146
DKAQVHAVS,A6NL46,147
KAQVHAVSF,A6NL46,148
AQVHAVSFY,A6NL46,149
QVHAVSFYS,A6NL46,150
VHAVSFYSK,A6NL46,151
HAVSFYSKG,A6NL46,152
AVSFYSKGH,A6NL46,153
VSFYSKGHG,A6NL46,154
SFYSKGHGV,A6NL46,155
FYSKGHGVT,A6NL46,156
YSKGHGVTS,A6NL46,157
SKGHGVTSS,A6NL46,158
KGHGVTSSH,A6NL46,159
GHGVTSSHS,A6NL46,160
HGVTSSHSP,A6NL46,161
GVTSSHSPA,A6NL46,162
VTSSHSPAG,A6NL46,163
TSSHSPAGG,A6NL46,164
SSHSPAGGI,A6NL46,165
SHSPAGGIL,A6NL46,166
HSPAGGILP,A6NL46,167
SPAGGILPF,A6NL46,168
PAGGILPFG,A6NL46,169
AGGILPFGK,A6NL46,170
GGILPFGKP,A6NL46,171
GILPFGKPD,A6NL46,172
ILPFGKPDP,A6NL46,173
LPFGKPDPL,A6NL46,174
PFGKPDPLP,A6NL46,175
FGKPDPLPA,A6NL46,176
GKPDPLPAV,A6NL46,177
KPDPLPAVL,A6NL46,178
PDPLPAVLP,A6NL46,179
DPLPAVLPA,A6NL46,180
PLPAVLPAP,A6NL46,181
LPAVLPAPV,A6NL46,182
PAVLPAPVP,A6NL46,183
AVLPAPVPD,A6NL46,184
VLPAPVPDC,A6NL46,185
LPAPVPDCS,A6NL46,186
PAPVPDCSL,A6NL46,187
APVPDCSLW,A6NL46,188
PVPDCSLWP,A6NL46,189
VPDCSLWPE,A6NL46,190
PDCSLWPEK,A6NL46,191
DCSLWPEKA,A6NL46,192
CSLWPEKAA,A6NL46,193
SLWPEKAAL,A6NL46,194
LWPEKAALK,A6NL46,195
WPEKAALKV,A6NL46,196
PEKAALKVL,A6NL46,197
EKAALKVLG,A6NL46,198
KAALKVLGK,A6NL46,199
AALKVLGKD,A6NL46,200
ALKVLGKDH,A6NL46,201
LKVLGKDHL,A6NL46,202
KVLGKDHLP,A6NL46,203
VLGKDHLPS,A6NL46,204
LGKDHLPSS,A6NL46,205
GKDHLPSSP,A6NL46,206
KDHLPSSPG,A6NL46,207
DHLPSSPGL,A6NL46,208
HLPSSPGLL,A6NL46,209
LPSSPGLLM,A6NL46,210
PSSPGLLMV,A6NL46,211
SSPGLLMVG,A6NL46,212
SPGLLMVGE,A6NL46,213
PGLLMVGED,A6NL46,214
GLLMVGEDM,A6NL46,215
LLMVGEDMQ,A6NL46,216
LMVGEDMQP,A6NL46,217
MVGEDMQPK,A6NL46,218
VGEDMQPKD,A6NL46,219
GEDMQPKDP,A6NL46,220
EDMQPKDPA,A6NL46,221
DMQPKDPAA,A6NL46,222
MQPKDPAAL,A6NL46,223
QPKDPAALR,A6NL46,224
PKDPAALRS,A6NL46,225
KDPAALRSS,A6NL46,226
DPAALRSSR,A6NL46,227
PAALRSSRS,A6NL46,228
AALRSSRSS,A6NL46,229
ALRSSRSSP,A6NL46,230
LRSSRSSPP,A6NL46,231
RSSRSSPPR,A6NL46,232
SSRSSPPRA,A6NL46,233
SRSSPPRAA,A6NL46,234
RSSPPRAAG,A6NL46,235
SSPPRAAGH,A6NL46,236
SPPRAAGHR,A6NL46,237
PPRAAGHRP,A6NL46,238
PRAAGHRPR,A6NL46,239
RAAGHRPRK,A6NL46,240
AAGHRPRKR,A6NL46,241
AGHRPRKRK,A6NL46,242
GHRPRKRKL,A6NL46,243
HRPRKRKLS,A6NL46,244
RPRKRKLSG,A6NL46,245
PRKRKLSGP,A6NL46,246
RKRKLSGPP,A6NL46,247
KRKLSGPPL,A6NL46,248
RKLSGPPLQ,A6NL46,249
KLSGPPLQL,A6NL46,250
LSGPPLQLQ,A6NL46,251
SGPPLQLQQ,A6NL46,252
GPPLQLQQT,A6NL46,253
PPLQLQQTP,A6NL46,254
PLQLQQTPP,A6NL46,255
LQLQQTPPL,A6NL46,256
QLQQTPPLQ,A6NL46,257
LQQTPPLQL,A6NL46,258
QQTPPLQLR,A6NL46,259
QTPPLQLRW,A6NL46,260
TPPLQLRWD,A6NL46,261
PPLQLRWDR,A6NL46,262
PLQLRWDRD,A6NL46,263
LQLRWDRDE,A6NL46,264
QLRWDRDEG,A6NL46,265
LRWDRDEGP,A6NL46,266
RWDRDEGPP,A6NL46,267
WDRDEGPPP,A6NL46,268
DRDEGPPPA,A6NL46,269
RDEGPPPAK,A6NL46,270
DEGPPPAKL,A6NL46,271
EGPPPAKLP,A6NL46,272
GPPPAKLPC,A6NL46,273
PPPAKLPCL,A6NL46,274
PPAKLPCLS,A6NL46,275
PAKLPCLSP,A6NL46,276
AKLPCLSPE,A6NL46,277
KLPCLSPEA,A6NL46,278
LPCLSPEAL,A6NL46,279
PCLSPEALL,A6NL46,280
CLSPEALLV,A6NL46,281
LSPEALLVG,A6NL46,282
SPEALLVGK,A6NL46,283
PEALLVGKA,A6NL46,284
EALLVGKAS,A6NL46,285
ALLVGKASQ,A6NL46,286
LLVGKASQR,A6NL46,287
LVGKASQRE,A6NL46,288
VGKASQREG,A6NL46,289
GKASQREGR,A6NL46,290
KASQREGRL,A6NL46,291
ASQREGRLQ,A6NL46,292
SQREGRLQQ,A6NL46,293
QREGRLQQG,A6NL46,294
REGRLQQGN,A6NL46,295
EGRLQQGNM,A6NL46,296
GRLQQGNMR,A6NL46,297
RLQQGNMRK,A6NL46,298
LQQGNMRKN,A6NL46,299
QQGNMRKNV,A6NL46,300
QGNMRKNVR,A6NL46,301
GNMRKNVRV,A6NL46,302
NMRKNVRVL,A6NL46,303
MRKNVRVLS,A6NL46,304
RKNVRVLSR,A6NL46,305
KNVRVLSRT,A6NL46,306
NVRVLSRTS,A6NL46,307
VRVLSRTSK,A6NL46,308
RVLSRTSKF,A6NL46,309
VLSRTSKFR,A6NL46,310
LSRTSKFRR,A6NL46,311
SRTSKFRRL,A6NL46,312
RTSKFRRLR,A6NL46,313
TSKFRRLRQ,A6NL46,314
SKFRRLRQL,A6NL46,315
KFRRLRQLL,A6NL46,316
FRRLRQLLR,A6NL46,317
RRLRQLLRR,A6NL46,318
RLRQLLRRR,A6NL46,319
LRQLLRRRK,A6NL46,320
RQLLRRRKK,A6NL46,321
QLLRRRKKR,A6NL46,322
LLRRRKKRW,A6NL46,323
LRRRKKRWQ,A6NL46,324
RRRKKRWQG,A6NL46,325
RRKKRWQGR,A6NL46,326
RKKRWQGRR,A6NL46,327
KKRWQGRRG,A6NL46,328
KRWQGRRGG,A6NL46,329
RWQGRRGGS,A6NL46,330
WQGRRGGSR,A6NL46,331
QGRRGGSRL,A6NL46,332
MRLCLIPQN,A8MUI8,1
RLCLIPQNT,A8MUI8,2
LCLIPQNTG,A8MUI8,3
CLIPQNTGT,A8MUI8,4
LIPQNTGTP,A8MUI8,5
IPQNTGTPQ,A8MUI8,6
PQNTGTPQR,A8MUI8,7
QNTGTPQRV,A8MUI8,8
NTGTPQRVL,A8MUI8,9
TGTPQRVLP,A8MUI8,10
GTPQRVLPP,A8MUI8,11
TPQRVLPPV,A8MUI8,12
PQRVLPPVV,A8MUI8,13
QRVLPPVVW,A8MUI8,14
RVLPPVVWS,A8MUI8,15
VLPPVVWSP,A8MUI8,16
LPPVVWSPP,A8MUI8,17
PPVVWSPPS,A8MUI8,18
PVVWSPPSR,A8MUI8,19
VVWSPPSRK,A8MUI8,20
VWSPPSRKK,A8MUI8,21
WSPPSRKKP,A8MUI8,22
SPPSRKKPM,A8MUI8,23
PPSRKKPML,A8MUI8,24
PSRKKPMLS,A8MUI8,25
SRKKPMLSA,A8MUI8,26
RKKPMLSAC,A8MUI8,27
KKPMLSACN,A8MUI8,28
KPMLSACNS,A8MUI8,29
PMLSACNSM,A8MUI8,30
MLSACNSMM,A8MUI8,31
LSACNSMMF,A8MUI8,32
SACNSMMFG,A8MUI8,33
ACNSMMFGH,A8MUI8,34
CNSMMFGHL,A8MUI8,35
NSMMFGHLS,A8MUI8,36
SMMFGHLSP,A8MUI8,37
MMFGHLSPV,A8MUI8,38
MFGHLSPVR,A8MUI8,39
FGHLSPVRI,A8MUI8,40
GHLSPVRIP,A8MUI8,41
HLSPVRIPH,A8MUI8,42
LSPVRIPHL,A8MUI8,43
SPVRIPHLR,A8MUI8,44
PVRIPHLRG,A8MUI8,45
VRIPHLRGK,A8MUI8,46
RIPHLRGKF,A8MUI8,47
IPHLRGKFN,A8MUI8,48
PHLRGKFNL,A8MUI8,49
HLRGKFNLQ,A8MUI8,50
LRGKFNLQL,A8MUI8,51
RGKFNLQLP,A8MUI8,52
GKFNLQLPS,A8MUI8,53
KFNLQLPSL,A8MUI8,54
FNLQLPSLD,A8MUI8,55
NLQLPSLDE,A8MUI8,56
LQLPSLDEQ,A8MUI8,57
QLPSLDEQV,A8MUI8,58
LPSLDEQVI,A8MUI8,59
PSLDEQVIP,A8MUI8,60
SLDEQVIPA,A8MUI8,61
LDEQVIPAR,A8MUI8,62
DEQVIPARL,A8MUI8,63
EQVIPARLP,A8MUI8,64
QVIPARLPK,A8MUI8,65
VIPARLPKM,A8MUI8,66
IPARLPKME,A8MUI8,67
PARLPKMEV,A8MUI8,68
ARLPKMEVR,A8MUI8,69
RLPKMEVRA,A8MUI8,70
LPKMEVRAE,A8MUI8,71
PKMEVRAEE,A8MUI8,72
KMEVRAEEP,A8MUI8,73
MEVRAEEPK,A8MUI8,74
EVRAEEPKE,A8MUI8,75
VRAEEPKEA,A8MUI8,76
RAEEPKEAT,A8MUI8,77
AEEPKEATE,A8MUI8,78
EEPKEATEV,A8MUI8,79
EPKEATEVK,A8MUI8,80
PKEATEVKD,A8MUI8,81
KEATEVKDQ,A8MUI8,82
EATEVKDQV,A8MUI8,83
ATEVKDQVE,A8MUI8,84
TEVKDQVET,A8MUI8,85
EVKDQVETQ,A8MUI8,86
VKDQVETQG,A8MUI8,87
KDQVETQGQ,A8MUI8,88
DQVETQGQE,A8MUI8,89
QVETQGQED,A8MUI8,90
VETQGQEDN,A8MUI8,91
ETQGQEDNK,A8MUI8,92
TQGQEDNKR,A8MUI8,93
QGQEDNKRG,A8MUI8,94
GQEDNKRGP,A8MUI8,95
QEDNKRGPC,A8MUI8,96
EDNKRGPCS,A8MUI8,97
DNKRGPCSN,A8MUI8,98
NKRGPCSNG,A8MUI8,99
KRGPCSNGE,A8MUI8,100
RGPCSNGEA,A8MUI8,101
GPCSNGEAA,A8MUI8,102
PCSNGEAAS,A8MUI8,103
CSNGEAAST,A8MUI8,104
SNGEAASTS,A8MUI8,105
NGEAASTSS,A8MUI8,106
GEAASTSSL,A8MUI8,107
EAASTSSLL,A8MUI8,108
AASTSSLLE,A8MUI8,109
ASTSSLLET,A8MUI8,110
STSSLLETQ,A8MUI8,111
TSSLLETQG,A8MUI8,112
SSLLETQGN,A8MUI8,113
SLLETQGNL,A8MUI8,114
LLETQGNLT,A8MUI8,115
LETQGNLTS,A8MUI8,116
ETQGNLTSS,A8MUI8,117
TQGNLTSSW,A8MUI8,118
QGNLTSSWY,A8MUI8,119
GNLTSSWYN,A8MUI8,120
NLTSSWYNP,A8MUI8,121
LTSSWYNPR,A8MUI8,122
TSSWYNPRP,A8MUI8,123
SSWYNPRPL,A8MUI8,124
SWYNPRPLE,A8MUI8,125
WYNPRPLEG,A8MUI8,126
YNPRPLEGN,A8MUI8,127
NPRPLEGNV,A8MUI8,128
PRPLEGNVH,A8MUI8,129
RPLEGNVHL,A8MUI8,130
PLEGNVHLK,A8MUI8,131
LEGNVHLKS,A8MUI8,132
EGNVHLKSL,A8MUI8,133
GNVHLKSLI,A8MUI8,134
NVHLKSLIE,A8MUI8,135
VHLKSLIEK,A8MUI8,136
HLKSLIEKN,A8MUI8,137
LKSLIEKNQ,A8MUI8,138
KSLIEKNQT,A8MUI8,139
SLIEKNQTD,A8MUI8,140
LIEKNQTDK,A8MUI8,141
IEKNQTDKA,A8MUI8,142
EKNQTDKAQ,A8MUI8,143
KNQTDKAQV,A8MUI8,144
NQTDKAQVH,A8MUI8,145
QTDKAQVHA,A8MUI8,146
TDKAQVHAV,A8MUI8,147
DKAQVHAVS,A8MUI8,148
KAQVHAVSF,A8MUI8,149
AQVHAVSFY,A8MUI8,150
QVHAVSFYS,A8MUI8,151
VHAVSFYSK,A8MUI8,152
HAVSFYSKD,A8MUI8,153
AVSFYSKDH,A8MUI8,154
VSFYSKDHE,A8MUI8,155
SFYSKDHEV,A8MUI8,156
FYSKDHEVA,A8MUI8,157
YSKDHEVAS,A8MUI8,158
SKDHEVASS,A8MUI8,159
KDHEVASSH,A8MUI8,160
DHEVASSHS,A8MUI8,161
HEVASSHSP,A8MUI8,162
EVASSHSPA,A8MUI8,163
VASSHSPAG,A8MUI8,164
ASSHSPAGG,A8MUI8,165
SSHSPAGGI,A8MUI8,166
SHSPAGGIL,A8MUI8,167
